<?xml version="1.0" encoding="UTF-8"?>
<?xml-stylesheet type='text/xsl' href='NINOverificationRequest-testCaseViewer.xsl'?>

<!--
  Test case data file
  Generated by CoreFiling: Tue Jul 12 13:59:12 BST 2016

  Test case for rule   : Level 1 (schema) check.
  Specifically testing : [EMPLOYERACCOUNTSOFFICEREFERENCE][1] is '523PA1234567'
  Expected result      : Schema invalid-->
<hd:GovTalkMessage xmlns:hd="http://www.govtalk.gov.uk/CM/envelope" xmlns:nvr="http://www.govtalk.gov.uk/taxation/PAYE/RTI/NINOverificationRequest/1" xmlns:xsi="http://www.w3.org/2001/XMLSchema-instance" xsi:schemaLocation="http://www.govtalk.gov.uk/CM/envelope envelope-v2-0-HMRC.xsd   http://www.govtalk.gov.uk/taxation/PAYE/RTI/NINOverificationRequest/1 NINOverificationRequest-v1-1.xsd">
  <hd:EnvelopeVersion>2.0</hd:EnvelopeVersion>
  <hd:Header>
    <hd:MessageDetails>
      <hd:Class>HMRC-PAYE-RTI-NVR-TIL</hd:Class>
      <hd:Qualifier>request</hd:Qualifier>
    </hd:MessageDetails>
  </hd:Header>
  <hd:GovTalkDetails>
    <hd:Keys>
      <hd:Key Type="TaxOfficeNumber">002</hd:Key>
      <hd:Key Type="TaxOfficeReference">SUMP24</hd:Key>
    </hd:Keys>
  </hd:GovTalkDetails>
  <hd:Body>
    <nvr:IRenvelope>
      <nvr:IRheader>
        <nvr:Keys>
          <nvr:Key Type="TaxOfficeNumber">002</nvr:Key>
          <nvr:Key Type="TaxOfficeReference">SUMP24</nvr:Key>
        </nvr:Keys>
        <nvr:PeriodEnd>2015-01-01</nvr:PeriodEnd>
        <nvr:Sender>Individual</nvr:Sender>
      </nvr:IRheader>
      <nvr:NINOverificationRequest>
        <nvr:EmpRefs>
          <nvr:OfficeNo>002</nvr:OfficeNo>
          <nvr:PayeRef>SUMP24</nvr:PayeRef>
          <nvr:AORef>523PA1234567</nvr:AORef>
        </nvr:EmpRefs>
        <nvr:Employee>
          <nvr:EmployeeDetails>
            <nvr:NINO>JS123456B</nvr:NINO>
            <nvr:Name>
              <nvr:Initials>jtb</nvr:Initials>
              <nvr:Sur>Bacon</nvr:Sur>
            </nvr:Name>
            <nvr:Address>
              <nvr:Line>9 Avenue Road</nvr:Line>
              <nvr:Line>Oxford</nvr:Line>
              <nvr:UKPostcode>OX2 0FA</nvr:UKPostcode>
            </nvr:Address>
            <nvr:BirthDate>1974-10-15</nvr:BirthDate>
            <nvr:Gender>M</nvr:Gender>
          </nvr:EmployeeDetails>
          <nvr:Employment>
            <nvr:PayId>FF6:43G-&amp;Q!=42</nvr:PayId>
          </nvr:Employment>
        </nvr:Employee>
      </nvr:NINOverificationRequest>
    </nvr:IRenvelope>
  </hd:Body>
</hd:GovTalkMessage>
