<?xml version="1.0" encoding="UTF-8"?>
<?xml-stylesheet type='text/xsl' href='EmployerPaymentSummary-testCaseViewer.xsl'?>

<!--
  Test case data file
  Generated by CoreFiling: Tue Jul 12 13:59:12 BST 2016

  Test case for rule   : Level 1 (schema) check.
  Specifically testing : [APPRENTICESHIPLEVYTAXMONTH] is '11'
  Expected result      : Valid against schema and schematron-->
<hd:GovTalkMessage xmlns:hd="http://www.govtalk.gov.uk/CM/envelope" xmlns:eps="http://www.govtalk.gov.uk/taxation/PAYE/RTI/EmployerPaymentSummary/17-18/1" xmlns:xsi="http://www.w3.org/2001/XMLSchema-instance" xsi:schemaLocation="http://www.govtalk.gov.uk/CM/envelope envelope-v2-0-HMRC.xsd   http://www.govtalk.gov.uk/taxation/PAYE/RTI/EmployerPaymentSummary/17-18/1 EmployerPaymentSummary-2018-v0-1.xsd">
  <hd:EnvelopeVersion>2.0</hd:EnvelopeVersion>
  <hd:Header>
    <hd:MessageDetails>
      <hd:Class>HMRC-PAYE-RTI-EPS-TIL</hd:Class>
      <hd:Qualifier>request</hd:Qualifier>
    </hd:MessageDetails>
  </hd:Header>
  <hd:GovTalkDetails>
    <hd:Keys>
      <hd:Key Type="TaxOfficeNumber">002</hd:Key>
      <hd:Key Type="TaxOfficeReference">SUMP24</hd:Key>
    </hd:Keys>
  </hd:GovTalkDetails>
  <hd:Body>
    <eps:IRenvelope>
      <eps:IRheader>
        <eps:Keys>
          <eps:Key Type="TaxOfficeNumber">002</eps:Key>
          <eps:Key Type="TaxOfficeReference">SUMP24</eps:Key>
        </eps:Keys>
        <eps:PeriodEnd>2018-01-01</eps:PeriodEnd>
        <eps:Sender>Individual</eps:Sender>
      </eps:IRheader>
      <eps:EmployerPaymentSummary>
        <eps:EmpRefs>
          <eps:OfficeNo>002</eps:OfficeNo>
          <eps:PayeRef>SUMP24</eps:PayeRef>
          <eps:AORef>123PQ7654321X</eps:AORef>
        </eps:EmpRefs>
        <eps:RecoverableAmountsYTD>
          <eps:SMPRecovered>0.00</eps:SMPRecovered>
        </eps:RecoverableAmountsYTD>
        <eps:ApprenticeshipLevy>
          <eps:LevyDueYTD>1.00</eps:LevyDueYTD>
          <eps:TaxMonth>11</eps:TaxMonth>
          <eps:AnnualAllce>1.00</eps:AnnualAllce>
        </eps:ApprenticeshipLevy>
        <eps:RelatedTaxYear>17-18</eps:RelatedTaxYear>
      </eps:EmployerPaymentSummary>
    </eps:IRenvelope>
  </hd:Body>
</hd:GovTalkMessage>
