<?xml version="1.0" encoding="UTF-8"?>
<?xml-stylesheet type='text/xsl' href='EmployerPaymentSummary-testCaseViewer.xsl'?>

<!--
  Test case data file
  Generated by CoreFiling: Tue Jul 12 13:59:12 BST 2016

  Test case for rule   : If [RECOVERABLEAMOUNTSYEARTODATE] is present, at least one of [SMPRECOVERED] or [SPPRECOVERED] or [SAPRECOVERED] or [SHPPRECOVERED] or [NICCOMPENSATIONONSMP] or [NICCOMPENSATIONONSPP] or [NICCOMPENSATIONONSAP] or [NICCOMPENSATIONONSHPP] or [CISDEDUCTIONSSUFFERED] must be present.
  Specifically testing : [RECOVERABLEAMOUNTSYEARTODATE] is present, and contains all children (with positive values).
  Expected result      : Valid against schema and schematron-->
<hd:GovTalkMessage xmlns:hd="http://www.govtalk.gov.uk/CM/envelope" xmlns:eps="http://www.govtalk.gov.uk/taxation/PAYE/RTI/EmployerPaymentSummary/17-18/1" xmlns:xsi="http://www.w3.org/2001/XMLSchema-instance" xsi:schemaLocation="http://www.govtalk.gov.uk/CM/envelope envelope-v2-0-HMRC.xsd   http://www.govtalk.gov.uk/taxation/PAYE/RTI/EmployerPaymentSummary/17-18/1 EmployerPaymentSummary-2018-v0-1.xsd">
  <hd:EnvelopeVersion>2.0</hd:EnvelopeVersion>
  <hd:Header>
    <hd:MessageDetails>
      <hd:Class>HMRC-PAYE-RTI-EPS-TIL</hd:Class>
      <hd:Qualifier>request</hd:Qualifier>
    </hd:MessageDetails>
  </hd:Header>
  <hd:GovTalkDetails>
    <hd:Keys>
      <hd:Key Type="TaxOfficeNumber">002</hd:Key>
      <hd:Key Type="TaxOfficeReference">SUMP24</hd:Key>
    </hd:Keys>
  </hd:GovTalkDetails>
  <hd:Body>
    <eps:IRenvelope>
      <eps:IRheader>
        <eps:Keys>
          <eps:Key Type="TaxOfficeNumber">002</eps:Key>
          <eps:Key Type="TaxOfficeReference">SUMP24</eps:Key>
        </eps:Keys>
        <eps:PeriodEnd>2018-01-01</eps:PeriodEnd>
        <eps:Sender>Individual</eps:Sender>
      </eps:IRheader>
      <eps:EmployerPaymentSummary>
        <eps:EmpRefs>
          <eps:OfficeNo>002</eps:OfficeNo>
          <eps:PayeRef>SUMP24</eps:PayeRef>
          <eps:AORef>123PQ7654321X</eps:AORef>
        </eps:EmpRefs>
        <eps:RecoverableAmountsYTD>
          <eps:SMPRecovered>13.12</eps:SMPRecovered>
        <eps:SPPRecovered>13.12</eps:SPPRecovered>
          <eps:SAPRecovered>13.12</eps:SAPRecovered>
          <eps:ShPPRecovered>13.12</eps:ShPPRecovered>
          <eps:NICCompensationOnSMP>13.12</eps:NICCompensationOnSMP>
          <eps:NICCompensationOnSPP>13.12</eps:NICCompensationOnSPP>
          <eps:NICCompensationOnSAP>13.12</eps:NICCompensationOnSAP>
          <eps:NICCompensationOnShPP>13.12</eps:NICCompensationOnShPP>
          <eps:CISDeductionsSuffered>13.12</eps:CISDeductionsSuffered>
        </eps:RecoverableAmountsYTD>
        <eps:RelatedTaxYear>17-18</eps:RelatedTaxYear>
      </eps:EmployerPaymentSummary>
    </eps:IRenvelope>
  </hd:Body>
</hd:GovTalkMessage>
