<?xml version="1.0" encoding="UTF-8"?>
<?xml-stylesheet type='text/xsl' href='EmployerAlignmentSubmission-testCaseViewer.xsl'?>

<!--
  Test case data file
  Generated by CoreFiling: Tue Jul 12 13:59:07 BST 2016

  Test case for rule   : Level 1 (schema) check.
  Specifically testing : [ADDRESSLINE][1] is 'Company @. 9 Avenue Road'
  Expected result      : Schema invalid-->
<hd:GovTalkMessage xmlns:hd="http://www.govtalk.gov.uk/CM/envelope" xmlns:eas="http://www.govtalk.gov.uk/taxation/PAYE/RTI/EmployerAlignmentSubmission/3" xmlns:xsi="http://www.w3.org/2001/XMLSchema-instance" xsi:schemaLocation="http://www.govtalk.gov.uk/CM/envelope envelope-v2-0-HMRC.xsd   http://www.govtalk.gov.uk/taxation/PAYE/RTI/EmployerAlignmentSubmission/3 EmployerAlignmentSubmission-v3-2.xsd">
  <hd:EnvelopeVersion>2.0</hd:EnvelopeVersion>
  <hd:Header>
    <hd:MessageDetails>
      <hd:Class>HMRC-PAYE-RTI-EAS-TIL</hd:Class>
      <hd:Qualifier>request</hd:Qualifier>
    </hd:MessageDetails>
  </hd:Header>
  <hd:GovTalkDetails>
    <hd:Keys>
      <hd:Key Type="TaxOfficeNumber">002</hd:Key>
      <hd:Key Type="TaxOfficeReference">SUMP24</hd:Key>
    </hd:Keys>
  </hd:GovTalkDetails>
  <hd:Body>
    <eas:IRenvelope>
      <eas:IRheader>
        <eas:Keys>
          <eas:Key Type="TaxOfficeNumber">002</eas:Key>
          <eas:Key Type="TaxOfficeReference">SUMP24</eas:Key>
        </eas:Keys>
        <eas:PeriodEnd>2008-01-01</eas:PeriodEnd>
        <eas:Sender>Individual</eas:Sender>
      </eas:IRheader>
      <eas:EmployerAlignmentSubmission>
        <eas:EmpRefs>
          <eas:OfficeNo>002</eas:OfficeNo>
          <eas:PayeRef>SUMP24</eas:PayeRef>
          <eas:AORef>123PQ7654321X</eas:AORef>
        </eas:EmpRefs>
        <eas:NumberOfParts>1</eas:NumberOfParts>
        <eas:Employee>
          <eas:EmployeeDetails>
            <eas:NINO>JS123456B</eas:NINO>
            <eas:Name>
              <eas:Initials>jtb</eas:Initials>
              <eas:Sur>Bacon</eas:Sur>
            </eas:Name>
            <eas:Address>
              <eas:Line>Company @. 9 Avenue Road</eas:Line>
              <eas:Line>Oxford</eas:Line>
              <eas:UKPostcode>OX2 0FA</eas:UKPostcode>
            </eas:Address>
            <eas:BirthDate>1974-10-15</eas:BirthDate>
            <eas:Gender>M</eas:Gender>
          </eas:EmployeeDetails>
          <eas:Employment>
            <eas:Payment>
              <eas:TaxCode BasisNonCumulative="yes">1234P</eas:TaxCode>
            </eas:Payment>
          </eas:Employment>
        </eas:Employee>
      </eas:EmployerAlignmentSubmission>
    </eas:IRenvelope>
  </hd:Body>
</hd:GovTalkMessage>
